{
    "1": {
        "calculator": "state",
        "calculator_parameters": {
            "input_data": {
                "WF_OPT": "DAV",
                "TYPE": 0,
                "NSPG": 1,
                "VERBOSITY": "MEDIUM",
                "GMAX": 8,
                "GMAXP": 32,
                "KPOINT_MESH": [
                    16,
                    16,
                    16
                ],
                "KPOINT_SHIFT": [
                    "OFF",
                    "OFF",
                    "OFF"
                ],
                "NEG": 12,
                "NSCF": 200,
                "NSTEP": 200,
                "TASK": "SCF",
                "WAY_MIX": 6,
                "MIX_WHAT": 1,
                "KBXMIX": 30,
                "MIX_ALPHA": 0.5,
                "DTIO": 100,
                "IMDALG": 2,
                "WIDTH": -0.002,
                "FORCCR": "1.00D-03",
                "XCTYPE": "ggapbe",
                "DESTM": 1.0,
                "EDELTA": "1.00D-09",
                "PSEUDOS": [
                    [
                        "Ag",
                        107.8682,
                        "pot.Ag_pbe1"
                    ]
                ]
            }
        },
        "cell": {
            "__ndarray__": [
                [
                    3,
                    3
                ],
                "float64",
                [
                    0.0,
                    2.0382901015630015,
                    2.0382901015630015,
                    2.0382901015630015,
                    0.0,
                    2.0382901015630015,
                    2.0382901015630015,
                    2.0382901015630015,
                    0.0
                ]
            ]
        },
        "ctime": 22.243071565760808,
        "energy": -1280.104647155281,
        "forces": {
            "__ndarray__": [
                [
                    1,
                    3
                ],
                "float64",
                [
                    0.0,
                    -0.0,
                    0.0
                ]
            ]
        },
        "key_value_pairs": {
            "system": "bulk",
            "alat": 4.076580203126003,
            "bm": 0.6566019040759683,
            "data_modified": "30/03/2022 17:50:31"
        },
        "mtime": 22.243470735815833,
        "numbers": {
            "__ndarray__": [
                [
                    1
                ],
                "int32",
                [
                    47
                ]
            ]
        },
        "pbc": {
            "__ndarray__": [
                [
                    3
                ],
                "bool",
                [
                    true,
                    true,
                    true
                ]
            ]
        },
        "positions": {
            "__ndarray__": [
                [
                    1,
                    3
                ],
                "float64",
                [
                    0.0,
                    0.0,
                    0.0
                ]
            ]
        },
        "unique_id": "a31f07f28aa81388da14d0611c18db8e",
        "user": "harry"
    }
}