{
    "1": {
        "calculator": "state",
        "calculator_parameters": {
            "input_data": {
                "WF_OPT": "DAV",
                "TYPE": 0,
                "NSPG": 1,
                "VERBOSITY": "MEDIUM",
                "GMAX": 6,
                "GMAXP": 24,
                "KPOINT_MESH": [
                    16,
                    16,
                    16
                ],
                "KPOINT_SHIFT": [
                    "OFF",
                    "OFF",
                    "OFF"
                ],
                "NEG": 12,
                "NSCF": 200,
                "NSTEP": 200,
                "TASK": "SCF",
                "WAY_MIX": 6,
                "MIX_WHAT": 1,
                "KBXMIX": 30,
                "MIX_ALPHA": 0.5,
                "DTIO": 100,
                "IMDALG": 2,
                "WIDTH": -0.002,
                "FORCCR": "1.00D-03",
                "XCTYPE": "ggapbe",
                "DESTM": 1.0,
                "EDELTA": "1.00D-09",
                "PSEUDOS": [
                    [
                        "Al",
                        26.9815385,
                        "pot.Al_pbe1"
                    ]
                ]
            }
        },
        "cell": {
            "__ndarray__": [
                [
                    3,
                    3
                ],
                "float64",
                [
                    0.0,
                    2.0275969954017112,
                    2.0275969954017112,
                    2.0275969954017112,
                    0.0,
                    2.0275969954017112,
                    2.0275969954017112,
                    2.0275969954017112,
                    0.0
                ]
            ]
        },
        "ctime": 22.242967017912406,
        "energy": -56.42653552084152,
        "forces": {
            "__ndarray__": [
                [
                    1,
                    3
                ],
                "float64",
                [
                    -0.0,
                    0.0,
                    -0.0
                ]
            ]
        },
        "key_value_pairs": {
            "system": "bulk",
            "alat": 4.0551939908034225,
            "bm": 0.48055117652212864,
            "data_modified": "30/03/2022 17:50:31"
        },
        "mtime": 22.24347073564641,
        "numbers": {
            "__ndarray__": [
                [
                    1
                ],
                "int32",
                [
                    13
                ]
            ]
        },
        "pbc": {
            "__ndarray__": [
                [
                    3
                ],
                "bool",
                [
                    true,
                    true,
                    true
                ]
            ]
        },
        "positions": {
            "__ndarray__": [
                [
                    1,
                    3
                ],
                "float64",
                [
                    0.0,
                    0.0,
                    0.0
                ]
            ]
        },
        "unique_id": "5f73ec2e32bb7b40dff817556637ec46",
        "user": "harry"
    }
}